title,company,location,link
[전액무료] IT취업 자바/파이썬/인공지능/빅데이터 교육생 모집,휴먼교육센터학원,서울 영등포구 외,https://www.jobkorea.co.kr/Recruit/GI_Read/36367712
"2.[여의도] pro-c, html, proc, 금융, 은행, 파이썬, 프로씨, python",(주)이컴라인,서울 영등포구,https://www.jobkorea.co.kr/Recruit/GI_Read/36594574
"인공지능 (딥러닝) 개발자, Python 능력자(신입과 경력 : 병역특례(보충역) 가능).",㈜비타소프트,서울 구로구,https://www.jobkorea.co.kr/Recruit/GI_Read/36531757
"IDT 경력직 솔루션 개발(java, python) 채용",아시아나IDT㈜,서울 종로구,https://www.jobkorea.co.kr/Recruit/GI_Read/36526908
"[일진그룹 계열사] 초음파 신호처리/영상처리 엔지니어(Matlab, Python)",알피니언메디칼시스템㈜,경기 안양시 외,https://www.jobkorea.co.kr/Recruit/GI_Read/36468510
"[클래스유] 백엔드 (파이썬, PHP, JSP - 마이크로서비스 지향)",㈜모두의클래스,서울 마포구,https://www.jobkorea.co.kr/Recruit/GI_Read/36222895
"솔루션 기반 프로그래머(C#, Python, Oracle SQL) 모집",오상자이엘 ㈜,인천 부평구,https://www.jobkorea.co.kr/Recruit/GI_Read/36186311
"[본사/광고대행사업부] Java / Python 활용 / 빅데이터 분석/ 솔루션 개발자 채용 공고(경력, 신입)",㈜포이시스,서울 금천구,https://www.jobkorea.co.kr/Recruit/GI_Read/36128074
빅데이터(R/파이썬) 분석가 채용 공고,㈜와이비에스,경기 성남시 외,https://www.jobkorea.co.kr/Recruit/GI_Read/35840038
[개발자채용] 빅데이터플랫폼/Python 경력 모집,㈜핸디소프트,경기 안양시,https://www.jobkorea.co.kr/Recruit/GI_Read/35740951
"카드,캐피탈 JAVA,RPA,oracle,c#,VB.NET,python",㈜우영씨앤씨,서울 금천구 외,https://www.jobkorea.co.kr/Recruit/GI_Read/36602284
"[Python SI 염창동] OO은행 마이데이터 플랫폼 구축 7개월, Python 개발 Python 초급 Python 중급 Python 고급 Python 프리랜서 Python 강서 양천 영등포......(6)",제이투이,서울 강서구,https://www.jobkorea.co.kr/Recruit/GI_Read/36595189
"[ 초긴급,,,  Python운영(SM) -  수원 ]",㈜아이티사람들,경기 수원시,https://www.jobkorea.co.kr/Recruit/GI_Read/36592657
"카드,캐피탈 JAVA,RPA,oracle,c#,VB.NET,python",㈜우영씨앤씨,서울 금천구 외,https://www.jobkorea.co.kr/Recruit/GI_Read/36589465
[큐앤에이소프트] Python Django 개발자 채용공고,주식회사 맥클로린,서울 강남구,https://www.jobkorea.co.kr/Recruit/GI_Read/36580729
[IT취업교육] 자바·모바일 실무 개발자 / 네트워크·파이썬 실무 전문가,유니윌부산지사,부산 부산진구 외,https://www.jobkorea.co.kr/Recruit/GI_Read/36576778
[업계1위/신입초봉5천] 빅데이터 엔지니어 (Python & Docker),㈜버즈니,서울 관악구 외,https://www.jobkorea.co.kr/Recruit/GI_Read/36562506
"[1400만 국민앱/개발초봉5천] AI 백엔드 엔지니어 (머신러닝,Python)",㈜버즈니,서울 관악구 외,https://www.jobkorea.co.kr/Recruit/GI_Read/36562481
[안랩-제이슨] Python 개발자 모집,㈜제이슨,서울 마포구,https://www.jobkorea.co.kr/Recruit/GI_Read/36560429
"C, PYTHON 프로그래머를 모십니다",사이테크놀로지스㈜,대전 대덕구 외,https://www.jobkorea.co.kr/Recruit/GI_Read/36556905
[경력] Python 개발자 채용공고,㈜에이아이더뉴트리진,경기 성남시,https://www.jobkorea.co.kr/Recruit/GI_Read/36556371
python을 활용한 Deep fake 디지털 휴먼 엔진 개발자 채용,㈜폼즈,서울 중구 외,https://www.jobkorea.co.kr/Recruit/GI_Read/36551824
S/W 서버엔진개발자 채용 (Python),하몬소프트,서울 금천구,https://www.jobkorea.co.kr/Recruit/GI_Read/36550336
빅데이터 파이썬 강사모집,㈜대신기술능력개발원,서울 강동구,https://www.jobkorea.co.kr/Recruit/GI_Read/36542628
함께 할 Java / Python 개발자를 모집합니다.,㈜노스스타컨설팅,서울 성동구 외,https://www.jobkorea.co.kr/Recruit/GI_Read/36530759
"웹수집기 웹크롤러 개발자채용(파이썬,셀레니움 Python Selenium)",㈜에이든랩,서울 강서구 외,https://www.jobkorea.co.kr/Recruit/GI_Read/36529508
"자동화(Bot) 및 AI 관련 개발(Python, Cypher, Graph DB)",㈜클라인랩(Kleinlab I,서울 강남구,https://www.jobkorea.co.kr/Recruit/GI_Read/36518147
파이썬 WEB 프로그래밍 신입·경력,Enssel㈜,경기 성남시,https://www.jobkorea.co.kr/Recruit/GI_Read/36514705
파이썬 장고 서버 개발자 채용,㈜엘제이기획,서울 금천구,https://www.jobkorea.co.kr/Recruit/GI_Read/36512569
"[신입/웹] PHP, Python, JAVA 중 한 가지는 기본 되시는 개발자",뉴토피아코리아,서울 영등포구,https://www.jobkorea.co.kr/Recruit/GI_Read/36509984
Backend (Python or Java 가능자) junior 개발자 모집,㈜버드온,서울 서초구,https://www.jobkorea.co.kr/Recruit/GI_Read/36502193
Backend (Python or Java 가능자) 개발자(개발팀장) 모집,㈜버드온,서울 서초구,https://www.jobkorea.co.kr/Recruit/GI_Read/36502159
"[광교] 오픈소스 API 연동 클라우드 솔루션 개발(Python/중급,고급)",이수정보㈜,서울 중랑구 외,https://www.jobkorea.co.kr/Recruit/GI_Read/36492452
Python/Java 개발/프리렌서 (정자역),㈜디투엘,경기 성남시,https://www.jobkorea.co.kr/Recruit/GI_Read/36488952
"(신입/경력) AI,머신러닝,딥러닝,OCR S/W개발(Java,Python,C++)",㈜코드원시스템,서울 송파구,https://www.jobkorea.co.kr/Recruit/GI_Read/36473146
"클라우드 플랫폼 Backend (Python, Go), Frontend (React) 개발자 채용",시프트원㈜,서울 강남구 외,https://www.jobkorea.co.kr/Recruit/GI_Read/36463492
"[잼코딩] 강남 대치 코딩학원 컴퓨터 강사 모집 (워라밸보장, 주 5일 근무, C언어, 파이썬 가능자)",㈜잼코딩,서울 강남구 외,https://www.jobkorea.co.kr/Recruit/GI_Read/36461679
Python Django 서버 프로그래머 계약직 모집,이브릿지월드,서울 강남구,https://www.jobkorea.co.kr/Recruit/GI_Read/36432545
디지털헬스케어 플랫폼 파이썬 백엔드 신입/경력 개발자 모집,㈜파인헬스케어,서울 강남구 외,https://www.jobkorea.co.kr/Recruit/GI_Read/36404782
"일본 도쿄, 시스템 개발, 모바일 앱개발,JAVA, Python, 화상 인식 개발",유비넷트,일본 도쿄,https://www.jobkorea.co.kr/Recruit/GI_Read/36388018
[카카오자회사] 카카오 공동체 자연어처리/AI기반 서비스 개발자 (Python),디케이테크인,경기 성남시,https://www.jobkorea.co.kr/Recruit/GI_Read/36403557
빅데이터 플랫폼 SW/데이터엔지니어(JAVA/Python/C++) 경력직 채용,㈜컨셉터스,서울 강남구,https://www.jobkorea.co.kr/Recruit/GI_Read/36400310
"php, python 웹프로그래머 모집",㈜웹프라자,서울 금천구,https://www.jobkorea.co.kr/Recruit/GI_Read/36394603
Python개발자 신입 및 경력자 모집,㈜지디에프랩,서울 마포구,https://www.jobkorea.co.kr/Recruit/GI_Read/36377331
JAVA/JSP/Python 웹 개발자 모집합니다.,㈜인사이트정보,서울 강남구,https://www.jobkorea.co.kr/Recruit/GI_Read/36377342
(주)레투스컴퍼니 온라인 광고관리 광고영업 파이썬프로그램개발자,㈜레투스컴퍼니(laetusco,경기 부천시 외,https://www.jobkorea.co.kr/Recruit/GI_Read/36368032
"[더조은컴퓨터 구로캠퍼스] 자바웹앱개발 / AI(머신러닝, 딥러닝) / 파이썬 / 빅데이터분석 강사 채용",더조은컴퓨터학원,서울 구로구,https://www.jobkorea.co.kr/Recruit/GI_Read/36345498
"(경력, 신입) Alteryx 데이터 분석가 Python/빅데이터/ETL/ R 외 정규직 모집",넥스엔정보기술㈜,서울 강남구,https://www.jobkorea.co.kr/Recruit/GI_Read/36340933
(주)큐오피스 Web / App 자동화 Python 개발 경력 채용,큐오피스,서울 강남구,https://www.jobkorea.co.kr/Recruit/GI_Read/36336757
[신입] Python 딥러닝 하드웨어 모델 개발,㈜데이터위버,서울 중구 외,https://www.jobkorea.co.kr/Recruit/GI_Read/36319671
코딩교육용 SW 초급개발자(파이썬.opencv가능)를 찾습니다,㈜로보그램,경기 수원시,https://www.jobkorea.co.kr/Recruit/GI_Read/36313394
"python, nodejs(javascript) 사용 가능자 초빙(신입 우선 채용)",지티엘파킹,경기 의왕시,https://www.jobkorea.co.kr/Recruit/GI_Read/36313277
"[정규,계약] 통계 전공의 Python개발자를 구인합니다(즉시 부터 장기)",누리꿈소프트㈜,서울 강남구 외,https://www.jobkorea.co.kr/Recruit/GI_Read/36312604
웹개발(Python/HTML/PHP/ASP) 채용,HS Lab(에이치에스 연구소),강원 춘천시,https://www.jobkorea.co.kr/Recruit/GI_Read/36307662
[인턴] 개발팀 백엔드(파이썬) 개발자 채용 공고,㈜에이아이스페라,서울 성동구,https://www.jobkorea.co.kr/Recruit/GI_Read/36307602
[신입] 개발팀 백엔드(파이썬) 개발자 채용 공고,㈜에이아이스페라,서울 성동구,https://www.jobkorea.co.kr/Recruit/GI_Read/36307433
Python 개발 및 유지보수 업무 수행 인력 구인중입니다.,누리꿈소프트㈜,서울 강남구 외,https://www.jobkorea.co.kr/Recruit/GI_Read/36301440
"[업계1위/신입초봉5천] 백엔드 엔지니어 / (Python,Devops)",㈜버즈니,서울 관악구 외,https://www.jobkorea.co.kr/Recruit/GI_Read/36285442
(주)큐오피스 테스트 자동화 Python 개발자 신입 채용,큐오피스,서울 강남구,https://www.jobkorea.co.kr/Recruit/GI_Read/36284118
Python 웹개발자 신입사원 모집,㈜플레이쓰리에스,경기 성남시,https://www.jobkorea.co.kr/Recruit/GI_Read/36283812
Python & Django 백엔드/서버 개발자를 찾습니다.,㈜버블클라우드,부산 금정구 외,https://www.jobkorea.co.kr/Recruit/GI_Read/36281325
Python 경력 개발자 채용,이지스케이㈜,서울 강남구,https://www.jobkorea.co.kr/Recruit/GI_Read/36277046
2021년 하반기 Python/빅데이터外 정규직 모집합니다,㈜더퓨쳐,제주 제주시,https://www.jobkorea.co.kr/Recruit/GI_Read/36275941
[이젠아카데미컴퓨터학원 분당] 파이썬 재직자과정(주말/저녁) 강사를 초빙합니다.,이젠아카데미컴퓨터학원,경기 성남시,https://www.jobkorea.co.kr/Recruit/GI_Read/36275541
"QT, python, c++  개발 연구원 모십니다.",㈜케이맵,경기 평택시,https://www.jobkorea.co.kr/Recruit/GI_Read/36242005
[경력] 개발팀 백엔드(파이썬) 개발자 채용 공고,㈜에이아이스페라,서울 성동구,https://www.jobkorea.co.kr/Recruit/GI_Read/36223490
"[동경] WebApplication개발자모집 (Java,Python경력자)",PENTAIN,일본 도쿄,https://www.jobkorea.co.kr/Recruit/GI_Read/36211670
"㈜엔잡얼라이언스 IT분야 웹개발(Python, Java) 개발자, 웹기획자 모집",㈜엔잡얼라이언스,서울 금천구,https://www.jobkorea.co.kr/Recruit/GI_Read/36202679
Python 개발자 (기초영어 가능자),ArctX LLC,유럽 아르메니아,https://www.jobkorea.co.kr/Recruit/GI_Read/36208407
"파이썬 서버 개발, 크롤링 및 데이터분석 담당자 모집 (4일근무, 재택가능, 교육지원)",리치크루,서울 양천구,https://www.jobkorea.co.kr/Recruit/GI_Read/36203684
"스마트 솔루션 개발 프로그래머(Python, C#) 모집",㈜솔리메틱스,강원 춘천시,https://www.jobkorea.co.kr/Recruit/GI_Read/36197891
"UI/UX, 웹퍼블리셔, 자바 웹프로그래밍, 파이썬, R,  빅 데이터, AI, 안드로이드 강사 모집",㈔스마트융합기술인재개발원,대구 수성구 외,https://www.jobkorea.co.kr/Recruit/GI_Read/36192605
[솔리드웨어] Python Developer (파이썬 개발자) 모집,솔리드웨어,서울 중구,https://www.jobkorea.co.kr/Recruit/GI_Read/36177171
"머신러닝, 딥러닝 컨설턴트 모집(python/tensorflow)",㈜이씨지컨설팅,서울 강남구,https://www.jobkorea.co.kr/Recruit/GI_Read/36174676
"[업계1위/신입초봉5천] 백엔드 엔지니어 / 3년 미만 주니어 채용 (Python,Devops)",㈜버즈니,서울 관악구 외,https://www.jobkorea.co.kr/Recruit/GI_Read/36169057
[정규직]Node.js/Python/React 개발자모집,㈜유니온콘텐츠,서울 금천구 외,https://www.jobkorea.co.kr/Recruit/GI_Read/36152828
[분당점] 재직자과정(저녁/주말반) 강사 초빙(OA/컴활/JAVA/C언어/Python등),㈜이젠아카데미컴퓨터학원,경기 성남시 외,https://www.jobkorea.co.kr/Recruit/GI_Read/36147688
웹개발(HTML/Python/프론트엔드/백엔드外 2개 부문) 채용공고,유한회사 퍼스트인,광주 북구,https://www.jobkorea.co.kr/Recruit/GI_Read/36141768
"프로그램 개발자 (C#, C++, JAVA, Python 등) 모집 (판교 또는 울산 희망지역 근무 가능)",㈜에이치씨엔씨,경기 성남시,https://www.jobkorea.co.kr/Recruit/GI_Read/36138773
"파이썬 서버개발 및 크롤링 담당자 모집 (4일근무, 재택가능)",리치크루,서울 양천구,https://www.jobkorea.co.kr/Recruit/GI_Read/36128170
"AI(머신러닝, 딥러닝)기반 R/Python 개발자 모집",㈜로제타텍,서울 서초구,https://www.jobkorea.co.kr/Recruit/GI_Read/36116021
[기술연구소] Python Back-End 경력직 채용,㈜플레타커뮤니케이션,서울 구로구,https://www.jobkorea.co.kr/Recruit/GI_Read/36101610
"응용 프로그래머 채용(Python, 이미지 분석, 머신러닝, 프로그램 개발)",㈜로드텍,경기 안산시 외,https://www.jobkorea.co.kr/Recruit/GI_Read/36086922
JAVA(Web) / Python 개발자 모집 ( Smart Factory Solution ),㈜커넥트시스템,경기 용인시 외,https://www.jobkorea.co.kr/Recruit/GI_Read/36075633
[코인원] Python 백엔드 개발자 모집,(주)코인원,서울 용산구 외,https://www.jobkorea.co.kr/Recruit/GI_Read/36070067
"개발언어를(c++, c#, JAVA, Python 등) 읽고 쓰고 할 수 있는 사람",㈜헤르메시스,경기 양주시,https://www.jobkorea.co.kr/Recruit/GI_Read/36061507
"java, python, c++ 시스템 개발, 웹개발 채용",㈜샌즈랩,서울 강남구,https://www.jobkorea.co.kr/Recruit/GI_Read/36053178
[정규직] 파이썬/자바 개발자 경력직 채용,㈜링크프라이스,서울 금천구,https://www.jobkorea.co.kr/Recruit/GI_Read/36051676
프로그래머 모십니다 [java/jsp /c#/python],오아시스스토리㈜,대전 중구 외,https://www.jobkorea.co.kr/Recruit/GI_Read/36032375
Python 개발자 모집(업계 최고 단가 보장),프로덕트에셋컨설팅,서울 금천구 외,https://www.jobkorea.co.kr/Recruit/GI_Read/36018767
"[분당점] 자바,파이썬,C언어 재직자과정 강사 초빙(저녁/주말반)",㈜이젠아카데미컴퓨터학원,경기 성남시 외,https://www.jobkorea.co.kr/Recruit/GI_Read/35984530
Python개발자/Machine Vision/이미지분석/Text 분석,디비디스커버코리아,서울 영등포구,https://www.jobkorea.co.kr/Recruit/GI_Read/35979315
Python 개발자 모집,㈜CBSi,서울 양천구,https://www.jobkorea.co.kr/Recruit/GI_Read/35975498
"[정규직]C#/Python 신입, 경력 개발자분 모십니다.",㈜로딕스,서울 성동구 외,https://www.jobkorea.co.kr/Recruit/GI_Read/35967934
백엔드 엔지니어 모집(Python/Javascript),시스메틱,서울 영등포구,https://www.jobkorea.co.kr/Recruit/GI_Read/35965411
"[메가스터디IT아카데미] 프로그래밍, C언어, JAVA, Python 강사채용",메가스터디아이티아카데미신촌학원,서울 마포구 외,https://www.jobkorea.co.kr/Recruit/GI_Read/35956722
JAVA.Python 웹 개발 신입/경력 사원 모집,두타위즈,서울 금천구,https://www.jobkorea.co.kr/Recruit/GI_Read/35956620
"python, perl, 유전체 분석, NGS 분석등",몰팩바이오,대전 유성구,https://www.jobkorea.co.kr/Recruit/GI_Read/35951486
"[메가스터티교육그룹] 더조은컴퓨터아카데미 JAVA,JSP,SPRING,R,파이썬(저녁,주말) 강사모집",㈜더조은아카데미서초지점,서울 서초구,https://www.jobkorea.co.kr/Recruit/GI_Read/35949783
솔루션/서비스 개발자 모집 (Python/Java/PHP/iOS/Android),㈜보인정보기술,서울 서초구,https://www.jobkorea.co.kr/Recruit/GI_Read/35877814
"[업계1위/신입초봉5천] AI 백엔드 엔지니어 (머신러닝,Python)",㈜버즈니,서울 관악구 외,https://www.jobkorea.co.kr/Recruit/GI_Read/35867322
"웹 (자바, 파이썬) 개발자 구인",㈜에스에프테크놀로지,서울 금천구,https://www.jobkorea.co.kr/Recruit/GI_Read/35858933
"FT LAB에서 파이썬, 웹 어플리케이션 개발자 채용합니다.",㈜바이브컴퍼니,서울 용산구,https://www.jobkorea.co.kr/Recruit/GI_Read/35845578
[자바/파이썬] 웹 서비스 및 솔루션 개발 신입/경력직 채용,가이온,서울 강남구,https://www.jobkorea.co.kr/Recruit/GI_Read/35754052
파이썬을 이용한 챗봇시스템 운영 모집,㈜키트넷,경기 수원시,https://www.jobkorea.co.kr/Recruit/GI_Read/36599366
springframework / springboot / python / cloud / sass,㈜단비,부산 해운대구,https://www.jobkorea.co.kr/Recruit/GI_Read/36598673
서버 개발자 Python(Django) Developer 채용 (신입/경력),아테나스랩㈜,서울 마포구,https://www.jobkorea.co.kr/Recruit/GI_Read/36596398
명품 쇼핑몰 개발자(JAVA/PYTHON) 모집합니다.,밀라노상인,서울 금천구,https://www.jobkorea.co.kr/Recruit/GI_Read/36578846
"소프트웨어(C++,Python) 개발정규/계약직모집",㈜뷰엠테크놀로지,경기 군포시,https://www.jobkorea.co.kr/Recruit/GI_Read/36560784
"[K-디지털] 국기훈련 JAVA, Python, AI, 빅데이터 교육강사 채용(휴먼교육센터)",휴먼교육센터학원,서울 영등포구 외,https://www.jobkorea.co.kr/Recruit/GI_Read/36539669
컴세바 동춘점 IT (C언어.JAVA.파이썬.알고리즘)시간강사및 전임강사모집),써니랩아이티코딩컴퓨터학원,인천 연수구,https://www.jobkorea.co.kr/Recruit/GI_Read/36530772
"프로그래밍 강사 모집(JAVA, Python, C언어, C++, 알고리즘)",㈜커리어게이트,서울 강남구,https://www.jobkorea.co.kr/Recruit/GI_Read/36502383
기술연구소 (AI연구 및 Python개발 / 드론영상처리) 채용,㈜선영종합엔지니어링,경기 고양시 외,https://www.jobkorea.co.kr/Recruit/GI_Read/36486599
"[K-디지털] 국기훈련 JAVA, Python, AI, 빅데이터 교육강사 채용",휴먼교육센터학원,서울 영등포구 외,https://www.jobkorea.co.kr/Recruit/GI_Read/36464828
"JAVA, C#, 파이썬, 반은형웹 등",마이트(MITE),서울 구로구,https://www.jobkorea.co.kr/Recruit/GI_Read/36450160
"위컴퓨터학원[수원] C,JAVA ,파이썬, C++,프로그래밍 강사구인합니다",㈜아이더블유,경기 수원시,https://www.jobkorea.co.kr/Recruit/GI_Read/36405045
"[K-디지털] 국기훈련 자바, 파이썬, AI, 빅데이터 교육강사 채용",휴먼교육센터학원,서울 영등포구 외,https://www.jobkorea.co.kr/Recruit/GI_Read/36402570
"프로그래밍 강의(c,python,java)",월드 컴퓨터학원,경기 성남시,https://www.jobkorea.co.kr/Recruit/GI_Read/36386589
프론트엔드 개발자  Python 엔지니어  UI/UX 디자이너 채용,주택,대전 유성구 외,https://www.jobkorea.co.kr/Recruit/GI_Read/36377304
"공공 프로젝트 빅데이터 전문가(3년 이상, 파이썬 기반 NLP분석)",㈜이노포스트,서울 서초구,https://www.jobkorea.co.kr/Recruit/GI_Read/36310798
웹프로그래머 채용 (PHP/파이썬/MySQL/JQuery),렌즈 커뮤니케이션즈,서울 강남구,https://www.jobkorea.co.kr/Recruit/GI_Read/36310601
"(주)에스씨지 파이썬 개발자 출신 액셀러레이터 및 사업개발 전직 이직 ( 1차 지역 대전, 2차 서울 수도권) 모집",㈜에스씨지,서울 금천구 외,https://www.jobkorea.co.kr/Recruit/GI_Read/36263064
[내일채움공제가입기업]내비게이션 SW 검증 자동화 스크립트 개발(Python),㈜모디엠,서울 성동구,https://www.jobkorea.co.kr/Recruit/GI_Read/36233896
"파이썬 / VBA(엑셀메크로)/ 파이썬, 셀레니늄 가능자 모집.",㈜앤드스타일,서울 중구,https://www.jobkorea.co.kr/Recruit/GI_Read/36216837
C#.Net Core/Python 개발자 (기초영어 가능자),ArctX LLC,유럽 아르메니아,https://www.jobkorea.co.kr/Recruit/GI_Read/36207502
"기술부설연구소 BIT(C#, Visual Studio, 파이썬등) SW개발 정규직 채용",㈜신성엔에스텍,경기 고양시,https://www.jobkorea.co.kr/Recruit/GI_Read/36162502
디자인 일러스터 1인/ 웹 프론트엔드 1인/ 백엔드 1인 모집( Python),창노텍,대전 서구,https://www.jobkorea.co.kr/Recruit/GI_Read/36126398
"AI 딥러닝, 영상처리, python, deep learning, GAN, pathology의료 영상",몰팩바이오,대전 유성구,https://www.jobkorea.co.kr/Recruit/GI_Read/35890171
"프로그래머(노드JS,C. 자바,파이썬.클라우드.PHP",㈜페이게이트,서울 송파구,https://www.jobkorea.co.kr/Recruit/GI_Read/35809379
"C, C++, C#, Python 소프트웨어 프로그래머 모집",㈜억세스위,경기 수원시,https://www.jobkorea.co.kr/Recruit/GI_Read/35788555
"ERP,MES,스마트공장,유통,AI,빅데이터: C#,.Net,Java,Python) 정규직 주4.5일",케이언트,서울 금천구,https://www.jobkorea.co.kr/Recruit/GI_Read/35764426
"[nProtect] 채용 연계형 인턴 모집 - 사업기획/ 대응·관제, QA, 보안 컨설팅, 파이썬 개발",㈜잉카인터넷,서울 강서구,https://www.jobkorea.co.kr/Recruit/GI_Read/35762396
모바일리더&인지소프트 공채 15기 하반기 신입사원 채용,㈜모바일리더,서울 강남구,https://www.jobkorea.co.kr/Recruit/GI_Read/36528168
2021년 신입사원 공개채용(ICT/디지털 부문),신한금융투자㈜,서울 영등포구,https://www.jobkorea.co.kr/Recruit/GI_Read/36525268
2021년 신한DS 글로벌 부문 경력직 채용,㈜신한DS,아시아·중동 베트남,https://www.jobkorea.co.kr/Recruit/GI_Read/36476129
2021년 하반기 채용전환형 우아한인턴 공개채용,㈜우아한형제들,서울 송파구,https://www.jobkorea.co.kr/Recruit/GI_Read/36451511
뱅크웨어글로벌 JAVA 개발 신입사원 모집,뱅크웨어글로벌,서울 중구,https://www.jobkorea.co.kr/Recruit/GI_Read/36351248
[비전공자 환영] 프로젝트형 국비지원교육 모집,㈜멀티캠퍼스,서울 강남구,https://www.jobkorea.co.kr/Recruit/GI_Read/36600859
"R&D, IT/SW 부문 채용",오스템임플란트㈜,서울 강서구 외,https://www.jobkorea.co.kr/Recruit/GI_Read/36594751
SK임업 신입/경력직 모집,에스케이임업㈜,서울 종로구 외,https://www.jobkorea.co.kr/Recruit/GI_Read/36581215
(주)오케이몰 웹(PHP) 담당자 채용(주35시간 근무),오케이몰,서울 중구,https://www.jobkorea.co.kr/Recruit/GI_Read/36587017
네트워크 보안 기업 신입 및 경력사원 공개채용,㈜넷맨,대구,https://www.jobkorea.co.kr/Recruit/GI_Read/36583985
잡코리아 DBA 채용,잡코리아(유),서울 서초구,https://www.jobkorea.co.kr/Recruit/GI_Read/36573049
2021년 신입/경력사원 채용 [경영기획/회계/생산관리/품질관리/자재관리/생산],㈜영진정공,경기 시흥시 외,https://www.jobkorea.co.kr/Recruit/GI_Read/36566873
2022년 경력직 채용(연구개발/IT/재경),㈜현대케피코,경기 군포시,https://www.jobkorea.co.kr/Recruit/GI_Read/36554383
잡코리아 Data Scientist 채용,잡코리아(유),서울 서초구,https://www.jobkorea.co.kr/Recruit/GI_Read/36525302
"부문별 대규모 경력직 채용 (IT/AI,콘텐츠,마케팅,경영일반)",㈜웅진씽크빅,서울 중구 외,https://www.jobkorea.co.kr/Recruit/GI_Read/36526798
엔씨소프트 부문별 수시 채용,㈜엔씨소프트,경기 성남시,https://www.jobkorea.co.kr/Recruit/GI_Read/36427127
2021년 AI 특화 맞춤형 교육과정 교육생 모집,㈜솔트룩스,서울 강남구,https://www.jobkorea.co.kr/Recruit/GI_Read/36473620
[KCC정보통신/KCC오토그룹] 2021년 하반기 공개채용,KCC정보통신,서울 강서구,https://www.jobkorea.co.kr/Recruit/GI_Read/36462944
2021년 하반기 경력/신입사원 모집,앰코테크놀로지코리아㈜,인천 연수구 외,https://www.jobkorea.co.kr/Recruit/GI_Read/36454969
2021 이노플 경력채용,(주)이랜드이노플,서울 금천구,https://www.jobkorea.co.kr/Recruit/GI_Read/36440421
비전넥스트㈜ 각 부문 인재영입,한화테크윈(주),경기 성남시,https://www.jobkorea.co.kr/Recruit/GI_Read/36443062
[비전공자 환영] 빅데이터 국비지원교육 모집,㈜멀티캠퍼스,서울 강남구,https://www.jobkorea.co.kr/Recruit/GI_Read/36425693
2021년 하반기 각 부문 신입/경력 채용,더이앤엠㈜,서울 강남구 외,https://www.jobkorea.co.kr/Recruit/GI_Read/36416068
[NEXON COMPANY] NMP 각 부문 인재 모집,㈜엔미디어플랫폼,경기 성남시 외,https://www.jobkorea.co.kr/Recruit/GI_Read/36389013
"2021년 하반기 BMS 개발자(SW, HW) 경력 및 사무보조 직원 채용",㈜피엠그로우,경기 의왕시 외,https://www.jobkorea.co.kr/Recruit/GI_Read/36373470
2021 하반기 신입/경력사원 공개채용,엘아이지넥스원㈜,경기 성남시 외,https://www.jobkorea.co.kr/Recruit/GI_Read/36318313
[여기어때] 개발자 우수인재 모집,주식회사 여기어때컴퍼니,서울 강남구 외,https://www.jobkorea.co.kr/Recruit/GI_Read/36327630
[파고다교육그룹] 부문별 인재 모집(마케팅/ IT/ 변호사/ 가맹점영업 등),㈜파고다아카데미,서울 서초구,https://www.jobkorea.co.kr/Recruit/GI_Read/35805423
신사업 및 스마트물류 경력직 채용,현대글로비스㈜,서울 강남구,https://www.jobkorea.co.kr/Recruit/GI_Read/36585765
2021년 전 부문 수시채용,㈜웹젠,경기 성남시,https://www.jobkorea.co.kr/Recruit/GI_Read/36541410
2021년 하반기 공개 채용,㈜오뚜기,서울,https://www.jobkorea.co.kr/Recruit/GI_Read/36529556
빗썸코리아 부문별 경력사원 채용,㈜빗썸코리아,서울 강남구,https://www.jobkorea.co.kr/Recruit/GI_Read/36480463
2021년 해커스교육그룹 신입 및 경력사원 채용,㈜해커스어학원,서울 서초구,https://www.jobkorea.co.kr/Recruit/GI_Read/36376370
[전액국비] 스마트팩토리/자동화로봇/전기공사실무/드론 교육생 모집,대한상공회의소 충남인력개발원,충남,https://www.jobkorea.co.kr/Recruit/GI_Read/36346015
[Maps] Maps Tech 채용연계형 인턴십 모집,㈜NAVER,경기 성남시,https://www.jobkorea.co.kr/Recruit/GI_Read/36582039
개발 신입(인턴) 채용 공고,㈜미디어로그,서울 마포구 외,https://www.jobkorea.co.kr/Recruit/GI_Read/36572072
[한국자산평가] 컨설팅 부문 인턴 채용 공고,한국자산평가㈜,서울 종로구,https://www.jobkorea.co.kr/Recruit/GI_Read/36550755
2021년 ㈜ hy 데이터분석 신입 모집,㈜에치와이,서울 서초구,https://www.jobkorea.co.kr/Recruit/GI_Read/36509196
2021년 하반기 신입공채,베스핀글로벌㈜,서울 서초구,https://www.jobkorea.co.kr/Recruit/GI_Read/36293067
2021년 국내 석/박사 산학장학생 모집,엘지유플러스,서울 용산구,https://www.jobkorea.co.kr/Recruit/GI_Read/36305490
전동화 영역 데이터 분석,현대자동차㈜,서울 서초구,https://www.jobkorea.co.kr/Recruit/GI_Read/36246292
[메가존클라우드] Salesforce 부문 채용,메가존클라우드㈜,서울 강남구,https://www.jobkorea.co.kr/Recruit/GI_Read/35193813
2022년 현대위아 대졸 신입사원 모집,현대위아㈜,경기 의왕시 외,https://www.jobkorea.co.kr/Recruit/GI_Read/36570825
2022년 상반기 대웅그룹인턴십 대규모 채용,㈜대웅제약,서울 강남구,https://www.jobkorea.co.kr/Recruit/GI_Read/36491824
(주)청명 광고 영업팀 및 디자이너 채용공고 모집,㈜청명종합광고기획,인천 남동구 외,https://www.jobkorea.co.kr/Recruit/GI_Read/36588386
2021 요기요 R&D센터 전직군 대규모 채용,유한책임회사 위대한상상,서울 서초구,https://www.jobkorea.co.kr/Recruit/GI_Read/36563218
코웨이 본사/연구소/공장 경력직 수시 채용,코웨이㈜,서울 구로구,https://www.jobkorea.co.kr/Recruit/GI_Read/36572459
개발자 모집(시스템 TA / Web개발자),인사이드정보,서울 강남구,https://www.jobkorea.co.kr/Recruit/GI_Read/36572183
SCM본부 운영/기획/개발 대규모 경력채용,SSG.COM,서울 중구,https://www.jobkorea.co.kr/Recruit/GI_Read/36525131
2021년 하우투약과 함께 성장할 개발자[프론트/백엔드]를 찾습니다.,㈜하우투약,서울 강남구 외,https://www.jobkorea.co.kr/Recruit/GI_Read/36553180
"각 분야별 채용 공고 (PHP 웹프로그래머, Linux/Win10 기반 응용개발, 기술지원, 기술영업, 전기차 충전기 생산기술)",㈜클린일렉스,경기 의왕시 외,https://www.jobkorea.co.kr/Recruit/GI_Read/36543832
온투이노베이션코리아㈜ 엔지니어 모집,온투이노베이션코리아㈜,경기 화성시 외,https://www.jobkorea.co.kr/Recruit/GI_Read/36548291
"웹, 응용프로그램 경력/신입 채용 (.NET, JAVA 등)",㈜메디터레이니언웍스,경기 성남시 외,https://www.jobkorea.co.kr/Recruit/GI_Read/36542646
"[국비무료 IT취업과정]JAVA자바 웹앱개발외/취업연계/훈련수당지급/기초부터 기업현업실무까지(초보자,비전공자 가능)",한국소프트웨어인재개발원,서울 금천구 외,https://www.jobkorea.co.kr/Recruit/GI_Read/36536375
분야별[사업기획/ IoT 장비 영업/HW 개발자/SW/펌웨어 개발/IoT 통신장비 유지보수/생산관리]직원 채용[신입/경력],디앤샤인,경기 고양시 외,https://www.jobkorea.co.kr/Recruit/GI_Read/36536200
"(재)만불회 영상제작,편집디자인 신입,경력 직원 채용",재단법인 만불회,대구,https://www.jobkorea.co.kr/Recruit/GI_Read/36519216
하반기 각부문 채용(회계/글로벌어카운팅/통관지원/물류운영관리/풀필먼트/개발자/특송수입관리),큐익스프레스 ㈜,서울 강서구 외,https://www.jobkorea.co.kr/Recruit/GI_Read/36514436
웹 & 앱 개발 경력자 및 PM모집,㈜엠그램,서울 영등포구 외,https://www.jobkorea.co.kr/Recruit/GI_Read/36502082
보안솔루션 APT 시스템 엔지니어 모집 (경력),시큐레터,경기 성남시,https://www.jobkorea.co.kr/Recruit/GI_Read/36500247
"C# 개발자 (신입,경력) 채용 (서울, 울산)기숙사운영",노바테크,서울,https://www.jobkorea.co.kr/Recruit/GI_Read/36497417
2021년 에스엘 하반기 신입/경력 공개채용,에스엘,경북 경산시 외,https://www.jobkorea.co.kr/Recruit/GI_Read/36377181
각 부문별 신입/경력 채용,㈜지란지교시큐리티,서울 강남구,https://www.jobkorea.co.kr/Recruit/GI_Read/36474790
2021 하반기 GECL KOREA 주요직무 신입/경력직 인재채용,지이씨엘코리아,서울 금천구,https://www.jobkorea.co.kr/Recruit/GI_Read/36464295
각 부문별 신입/경력 채용,유진아이티서비스㈜,서울 영등포구,https://www.jobkorea.co.kr/Recruit/GI_Read/36437190
"[세븐에듀] 웹디자이너/회계·총무/앱개발/마케팅/온라인수학강사/학습센터 수학강사(통영, 서울 중계)/ 인터넷강의 수학강사 모집",세븐에듀,서울,https://www.jobkorea.co.kr/Recruit/GI_Read/36464153
[하이테크과정/22학년도]IoT정보보안 교육생 모집 / 전액국비무료 / 1호선 신창역도보1분,한국폴리텍대학아산캠퍼스,충남 아산시 외,https://www.jobkorea.co.kr/Recruit/GI_Read/36426357
2021년 하반기 각 부문별 인재 모집,통로이미지㈜,서울 중구,https://www.jobkorea.co.kr/Recruit/GI_Read/36425722
겟앤쇼 전국단위 웹 개발자 모집  (경력 3년이상),(주)겟앤쇼(Get & Show),서울,https://www.jobkorea.co.kr/Recruit/GI_Read/36442091
